{"header" : {
  "cloc_url"           : "github.com/AlDanial/cloc",
  "cloc_version"       : "1.98",
  "elapsed_seconds"    : 136.226474046707,
  "n_files"            : 153832,
  "n_lines"            : 35248288,
  "files_per_second"   : 1129.2371844496,
  "lines_per_second"   : 258747.70852481,
  "report_file"        : "../output/cloc-output.json"},
"C++" :{
  "nFiles": 32074,
  "blank": 1019565,
  "comment": 1954323,
  "code": 5867675},
"Java" :{
  "nFiles": 31238,
  "blank": 710749,
  "comment": 376933,
  "code": 3843849},
"LLVM IR" :{
  "nFiles": 38088,
  "blank": 678918,
  "comment": 7163595,
  "code": 3180905},
"C/C++ Header" :{
  "nFiles": 13089,
  "blank": 344839,
  "comment": 541621,
  "code": 1602695},
"C" :{
  "nFiles": 11512,
  "blank": 273921,
  "comment": 1568900,
  "code": 1061405},
"Assembly" :{
  "nFiles": 11314,
  "blank": 524754,
  "comment": 1314765,
  "code": 903785},
"TableGen" :{
  "nFiles": 1424,
  "blank": 100441,
  "comment": 90516,
  "code": 615522},
"Python" :{
  "nFiles": 2510,
  "blank": 55146,
  "comment": 61568,
  "code": 241106},
"reStructuredText" :{
  "nFiles": 2033,
  "blank": 75326,
  "comment": 92059,
  "code": 155302},
"CMake" :{
  "nFiles": 2305,
  "blank": 14334,
  "comment": 8906,
  "code": 109382},
"Fortran 90" :{
  "nFiles": 2414,
  "blank": 22081,
  "comment": 106072,
  "code": 79295},
"Objective-C" :{
  "nFiles": 1921,
  "blank": 21040,
  "comment": 34929,
  "code": 70622},
"Windows Module Definition" :{
  "nFiles": 228,
  "blank": 5526,
  "comment": 199,
  "code": 39926},
"JavaScript" :{
  "nFiles": 176,
  "blank": 4783,
  "comment": 4451,
  "code": 29715},
"Objective-C++" :{
  "nFiles": 550,
  "blank": 7161,
  "comment": 6724,
  "code": 27302},
"OpenCL" :{
  "nFiles": 629,
  "blank": 5892,
  "comment": 10659,
  "code": 21149},
"Starlark" :{
  "nFiles": 81,
  "blank": 2870,
  "comment": 23688,
  "code": 14822},
"Pascal" :{
  "nFiles": 63,
  "blank": 3422,
  "comment": 20695,
  "code": 11692},
"Bourne Shell" :{
  "nFiles": 125,
  "blank": 1272,
  "comment": 1589,
  "code": 8002},
"CUDA" :{
  "nFiles": 258,
  "blank": 2720,
  "comment": 8882,
  "code": 6645},
"Kotlin" :{
  "nFiles": 78,
  "blank": 1071,
  "comment": 591,
  "code": 6265},
"GLSL" :{
  "nFiles": 230,
  "blank": 1576,
  "comment": 348,
  "code": 5430},
"SWIG" :{
  "nFiles": 131,
  "blank": 1103,
  "comment": 17,
  "code": 5096},
"OCaml" :{
  "nFiles": 38,
  "blank": 1444,
  "comment": 2390,
  "code": 5058},
"Perl" :{
  "nFiles": 14,
  "blank": 769,
  "comment": 750,
  "code": 4738},
"HLSL" :{
  "nFiles": 196,
  "blank": 1659,
  "comment": 5226,
  "code": 3885},
"Lisp" :{
  "nFiles": 23,
  "blank": 414,
  "comment": 307,
  "code": 3660},
"awk" :{
  "nFiles": 2,
  "blank": 114,
  "comment": 100,
  "code": 3525},
"TeX" :{
  "nFiles": 5,
  "blank": 191,
  "comment": 5,
  "code": 2556},
"Maven" :{
  "nFiles": 27,
  "blank": 106,
  "comment": 69,
  "code": 2430},
"DOS Batch" :{
  "nFiles": 79,
  "blank": 368,
  "comment": 175,
  "code": 2310},
"Smalltalk" :{
  "nFiles": 187,
  "blank": 0,
  "comment": 3,
  "code": 2298},
"make" :{
  "nFiles": 344,
  "blank": 786,
  "comment": 175,
  "code": 2049},
"TypeScript" :{
  "nFiles": 27,
  "blank": 283,
  "comment": 335,
  "code": 1893},
"Bourne Again Shell" :{
  "nFiles": 12,
  "blank": 210,
  "comment": 343,
  "code": 1626},
"AutoHotkey" :{
  "nFiles": 8,
  "blank": 136,
  "comment": 59,
  "code": 1317},
"Windows Resource File" :{
  "nFiles": 116,
  "blank": 142,
  "comment": 45,
  "code": 1196},
"Rust" :{
  "nFiles": 16,
  "blank": 185,
  "comment": 53,
  "code": 1192},
"ProGuard" :{
  "nFiles": 19,
  "blank": 171,
  "comment": 109,
  "code": 682},
"Fortran 77" :{
  "nFiles": 68,
  "blank": 42,
  "comment": 382,
  "code": 664},
"Scheme" :{
  "nFiles": 21,
  "blank": 41,
  "comment": 24,
  "code": 637},
"Julia" :{
  "nFiles": 1,
  "blank": 164,
  "comment": 574,
  "code": 597},
"C#" :{
  "nFiles": 8,
  "blank": 89,
  "comment": 107,
  "code": 570},
"vim script" :{
  "nFiles": 16,
  "blank": 92,
  "comment": 120,
  "code": 550},
"Bazel" :{
  "nFiles": 13,
  "blank": 83,
  "comment": 64,
  "code": 503},
"Gradle" :{
  "nFiles": 13,
  "blank": 104,
  "comment": 74,
  "code": 500},
"Expect" :{
  "nFiles": 14,
  "blank": 10,
  "comment": 37,
  "code": 433},
"INI" :{
  "nFiles": 23,
  "blank": 16,
  "comment": 50,
  "code": 413},
"Dockerfile" :{
  "nFiles": 10,
  "blank": 102,
  "comment": 198,
  "code": 367},
"Lua" :{
  "nFiles": 7,
  "blank": 47,
  "comment": 22,
  "code": 351},
"Jupyter Notebook" :{
  "nFiles": 3,
  "blank": 0,
  "comment": 2434,
  "code": 319},
"MSBuild script" :{
  "nFiles": 1,
  "blank": 0,
  "comment": 7,
  "code": 254},
"Protocol Buffers" :{
  "nFiles": 5,
  "blank": 53,
  "comment": 72,
  "code": 233},
"diff" :{
  "nFiles": 3,
  "blank": 16,
  "comment": 218,
  "code": 222},
"Mathematica" :{
  "nFiles": 2,
  "blank": 23,
  "comment": 0,
  "code": 100},
"Vuejs Component" :{
  "nFiles": 4,
  "blank": 14,
  "comment": 4,
  "code": 98},
"Swift" :{
  "nFiles": 7,
  "blank": 34,
  "comment": 48,
  "code": 91},
"JSX" :{
  "nFiles": 2,
  "blank": 9,
  "comment": 2,
  "code": 61},
"MATLAB" :{
  "nFiles": 11,
  "blank": 7,
  "comment": 0,
  "code": 55},
"m4" :{
  "nFiles": 1,
  "blank": 7,
  "comment": 0,
  "code": 24},
"Linker Script" :{
  "nFiles": 3,
  "blank": 1,
  "comment": 0,
  "code": 23},
"Visual Studio Solution" :{
  "nFiles": 1,
  "blank": 1,
  "comment": 1,
  "code": 20},
"D" :{
  "nFiles": 1,
  "blank": 2,
  "comment": 0,
  "code": 16},
"NAnt script" :{
  "nFiles": 1,
  "blank": 0,
  "comment": 0,
  "code": 13},
"Fortran 95" :{
  "nFiles": 6,
  "blank": 15,
  "comment": 79,
  "code": 7},
"Go" :{
  "nFiles": 1,
  "blank": 2,
  "comment": 1,
  "code": 5},
"Logos" :{
  "nFiles": 2,
  "blank": 4,
  "comment": 0,
  "code": 2},
"SUM": {
  "blank": 3886466,
  "comment": 13406692,
  "code": 17955130,
  "nFiles": 153832} }
